{"cameraMode":{"drawMode":0,"name":"Shaded","section":"Shading Mode"},"sceneLighting":true,"audioPlay":false,"sceneViewState":{"m_AlwaysRefresh":false,"showFog":true,"showSkybox":true,"showFlares":true,"showImageEffects":true,"showParticleSystems":true,"showVisualEffectGraphs":true,"m_FxEnabled":true},"in2DMode":false,"pivot":{"x":-0.1334688663482666,"y":-0.2677304744720459,"z":-0.0903940200805664},"rotation":{"x":0.10249171406030655,"y":0.8820958137512207,"z":-0.22571246325969697,"w":0.40060287714004519},"size":2.0822324752807619,"orthographic":false}